source,author,title,description,url,urlToImage,publishedAt,content
"{'id': None, 'name': 'HuffPost'}",Elizabeth Yuko,Half Of US States Are Facing A Caregiver Crisis — Here's How Donald Trump's Cuts To Medicaid Could Make It Worse,"With 48% of states already on the brink of a caregiving emergency, experts warn that Medicaid changes could ""blow a hole in the safety net.""View Entire Post ›",https://www.huffpost.com/entry/caregjver-crisis-study-trump-medicaid_l_683f2e76e4b040f60017b24a,"https://img.buzzfeed.com/buzzfeed-static/static/2025-06/11/18/thumb/kAtcIfxRA.jpg?crop=1245:830;3,0&resize=1250:830",2025-06-14T10:16:02Z,"On top of all the emotional and logistical challenges of caregiving, it can be a huge financial strain on family members who are typically paid little or nothing for their services. In Georgia, for e… [+1919 chars]"
"{'id': None, 'name': 'CNET'}",Katherine Watt,Trying to Find a Job? In This Economy? You Need to Follow These Rules,I asked career specialists for their top tips to hack today's tough job market. You'll want to read them all.,https://www.cnet.com/personal-finance/banking/trying-to-find-a-job-in-this-economy-you-need-to-follow-these-rules/,https://www.cnet.com/a/img/resize/b242cf138b01fa671447809842b29b87bea975e8/hub/2025/06/10/57dbc068-2eda-4739-bd7c-37951a2e255e/image-10.png?auto=webp&fit=crop&height=675&width=1200,2025-06-14T10:15:03Z,"The job hunt isn't what it used to be. Experts share nine tips that can help you stand out to recruiters. 
Jeffrey Hazelwood/CNET
Since getting laid off from a tech marketing role last November, St… [+14579 chars]"
"{'id': 'the-irish-times', 'name': 'The Irish Times'}",Kitty Holland,Tusla thinks missing 12-year-old is safe and in UK,Agency acknowledges formal strategy meeting was ‘unacceptably delayed’ in this case,https://www.irishtimes.com/ireland/social-affairs/2025/06/14/tusla-thinks-missing-12-year-old-is-safe-and-in-uk/,https://www.irishtimes.com/resizer/v2/OQ3QTNFSJAC3BRTEEBMNMCWFXM.jpg?smart=true&auth=7d81d37b1eb62c1f40b3a79141d7ee5b38411a2c7c02a13cbfdf03e3fbd4d4f7&width=1200&height=630,2025-06-14T10:12:30Z,"A 12-year-old child who went missing from State care in 2023 is thought to be safe in the United Kingdom, according to Tusla.
In a statement to The Irish Times, the agency said the child, whose wher… [+4246 chars]"
"{'id': 'the-times-of-india', 'name': 'The Times of India'}",PTI,Sun Pharma gets eight observations from USFDA for Halol plant,"Sun Pharma announced that the USFDA issued a Form 483 with eight observations after inspecting its Halol manufacturing plant in Gujarat. The USFDA conducted a Good Manufacturing Practices (GMP) inspection at the facility from June 2-13, 2025. The Form 483, is…",https://economictimes.indiatimes.com/industry/healthcare/biotech/pharmaceuticals/sun-pharma-gets-eight-observations-from-usfda-for-halol-plant/articleshow/121847206.cms,"https://img.etimg.com/thumb/msid-121847220,width-1200,height-630,imgsize-118590,overlay-economictimes/articleshow.jpg",2025-06-14T10:11:46Z,Drug major Sun Pharma on Saturday said the US health regulator has issued a Form 483 with 8 observations after inspecting its Halol (Gujarat) manufacturing plant.The US Food and Drug Administration (… [+560 chars]
"{'id': 'the-times-of-india', 'name': 'The Times of India'}",PTI,ITC completes acquisition of 24 Mantra Organic brand owner Sresta Natural,"ITC has finalized its all-cash acquisition of Sresta Natural Bioproducts, the owner of '24 Mantra Organic brand', for Rs 472.50 crore. The deal, completed on June 13, 2025, includes an upfront payment and a deferred consideration. This acquisition will streng…",https://economictimes.indiatimes.com/industry/cons-products/food/itc-completes-acquisition-of-24-mantra-organic-brand-owner-sresta-natural/articleshow/121847205.cms,"https://img.etimg.com/thumb/msid-121847238,width-1200,height-630,imgsize-18970,overlay-economictimes/articleshow.jpg",2025-06-14T10:11:41Z,"Multi-conglomerate ITC has completed the acquisition of Sresta Natural Bioproducts, which owns the '24 Mantra Organic brand' in an all-cash deal valued at Rs 472.50 crore.This will help ITC to expand… [+1867 chars]"
"{'id': 'the-times-of-india', 'name': 'The Times of India'}",Nishtha Awasthi,"F&O Talk| Nifty's narrow range breaks on Iran-Israel tensions; 24,450–24,500 emerges as key support: Sudeep Shah","Amidst escalating geopolitical tensions, Indian markets faced a downturn, with the Nifty and Sensex both declining. Analyst Sudeep Shah suggests a cautious approach, highlighting crucial support levels for the Nifty at 24450 and resistance at 24900. He antici…",https://economictimes.indiatimes.com/markets/expert-view/fo-talk-niftys-narrow-range-breaks-on-iran-israel-tensions-2445024500-emerges-as-key-support-sudeep-shah/articleshow/121847186.cms,"https://img.etimg.com/thumb/msid-121847182,width-1200,height-630,imgsize-347856,overlay-etmarkets/articleshow.jpg",2025-06-14T10:10:25Z,"Markets remained under pressure and ended the week in the red, with both benchmark indices slipping by over a percent. The decline was largely driven by rising geopolitical tensions and mixed global … [+8552 chars]"
"{'id': None, 'name': 'The Age'}",Chip Le Grand,Victorian Mental Health and Wellbeing Commission muzzled by ‘drastic’ budget cuts,Mental Health and Wellbeing Commission chair Treasure Jennings says the funding cuts leave the commission unable to do the work it was established to do.,https://www.theage.com.au/politics/victoria/mental-health-watchdog-muzzled-by-drastic-budget-cuts-20250614-p5m7em.html,https://static.ffx.io/images/$zoom_0.5312%2C$multiply_0.7554%2C$ratio_1.777778%2C$width_1059%2C$x_412%2C$y_80/t_crop_custom/q_86%2Cf_auto/t_theage_no_label_no_age_social_wm/d4262a6fd77161de7514aee65ce5b8a7baad78d8,2025-06-14T10:08:26Z,"Mental Health Minister Ingrid Stitt, when questioned in last weeks budget estimates hearings about funding and staffing cuts to the MHWC, said her government was prioritising the delivery of frontlin… [+5299 chars]"
"{'id': None, 'name': 'LADbible'}",Britt Jones,What we know about British mum whose ‘heart went missing’ as medical report rules death as food poisoning,Beth Martin passed away on 29 April during what should have been a family holiday to Turkey with her husband and children,https://www.ladbible.com/news/uk-news/british-mum-heart-missing-turkey-updates-171503-20250614,https://images.ladbible.com/ogimage/v3/assets/bltcd74acc1d0a99f3a/blt0bc8b56e08766cef/684d425ab4931385c5335dac/image_-_2025-06-14T103454.501.png,2025-06-14T10:07:56Z,"A British mums heart went missing after her mysterious death in Turkey, and the world watched on in shock.
Less than two months ago, Beth Martin was heading on a family holiday with her husband Luke… [+4982 chars]"
"{'id': None, 'name': 'Biztoc.com'}",businessinsider.com,"Eat your beans — 1 cup a day cuts inflammation and bad cholesterol, scientists say","Adding more beans to your day could pay off for your long-term heart health and reduce inflammation.
AleksandarGeorgiev/Getty Images
Beans of all kinds are nutritional powerhouses of fiber, protein, and antioxidant polyphenols.
A new study found specific type…",https://biztoc.com/x/3c5ba66c01a341c7,https://biztoc.com/cdn/950/og.png,2025-06-14T10:07:44Z,"Adding more beans to your day could pay off for your long-term heart health and reduce inflammation.AleksandarGeorgiev/Getty ImagesBeans of all kinds are nutritional powerhouses of fiber, protein, an… [+147 chars]"
"{'id': None, 'name': 'Biztoc.com'}",reason.com,Trad Wives and Tallow Fries: How the Wellness Wars Flipped Health and Food Politics Upside Down,"""I don't want to be told how many calories are in my Big Mac meal or my quarter pounder meal. I don't want the government telling me that I can't put salt on my food,"" Sean Hannity declared on Fox News in 2010. ""I like junk food. I like McDonald's. I like Wen…",https://biztoc.com/x/36419ca810af5892,https://biztoc.com/cdn/36419ca810af5892_s.webp,2025-06-14T10:07:36Z,"""I don't want to be told how many calories are in my Big Mac meal or my quarter pounder meal. I don't want the government telling me that I can't put salt on my food,"" Sean Hannity declared on Fox Ne… [+143 chars]"
"{'id': 'the-times-of-india', 'name': 'The Times of India'}",Prakash Chandra Sharma,Failure to timely detect flaws in rail caused North-East Express derailment in Oct 2023: CRS probe,"A final investigation report revealed that undetected flaws in the rail led to the North-East Express derailment at Raghunathpur Station, resulting in casualties and injuries. The report recommends stricter monitoring of rail manufacturing and exploring real-…",https://economictimes.indiatimes.com/industry/transportation/railways/failure-to-timely-detect-flaws-in-rail-caused-north-east-express-derailment-in-oct-2023-crs-probe/articleshow/121847134.cms,"https://img.etimg.com/thumb/msid-121847289,width-1200,height-630,imgsize-509920,overlay-economictimes/articleshow.jpg",2025-06-14T10:07:20Z,"The failure to promptly detect the flaws in the rail caused the derailment of the North-East Express at Raghunathpur Station in Danapur Division of East Central Railway on October 11, 2023, according… [+3524 chars]"
"{'id': None, 'name': 'YouTube'}",,They Censored Our Show For Daring To Talk About Men's Health,They Censored Our Show For Daring To Talk About Men's Healthyoutube.com,https://www.youtube.com/supported_browsers?next_url=https%3A%2F%2Fwww.youtube.com%2Fwatch%3Fv%3DlAulIO2USd0,,2025-06-14T10:01:12Z,"Your browser isnt supported anymore. Update it to get the best YouTube experience and our latest features. Learn more
Remind me later"
"{'id': None, 'name': 'Futurism'}",Noor Al-Sibai,ChatGPT Is Telling People With Psychiatric Problems to Go Off Their Meds,"For some people, obsession with ChatGPT has gone so far, it's exacerbating their mental illness — and in some cases, even putting them in harm's way. In interviews with Futurism, concerned loved ones described watching on in horror as the chatbot encouraged, …",https://futurism.com/chatgpt-mental-illness-medications,https://wordpress-assets.futurism.com/2025/06/chatgpt-mental-illness-medications.jpg,2025-06-14T10:00:08Z,"This week, my colleague Maggie Harrison Dupré published a blockbuster story about how people around the world have been watching in horror as their family and loved ones have become obsessed with Cha… [+3185 chars]"
"{'id': None, 'name': 'Neowin'}",Paul Hill,Microsoft commits to upskill 1 million UK workers in AI this year,Microsoft UK has partnered with the UK government and committed to training 1 million UK workers in AI this year to help the country adapt to the changes AI will bring to the economy. Read more...,https://www.neowin.net/news/microsoft-commits-to-upskill-1-million-uk-workers-in-ai-this-year/,https://cdn.neowin.com/news/images/uploaded/2025/03/1741006028_m_story.jpg,2025-06-14T10:00:01Z,"Microsoft has partnered with the UK government in the latters ambitious plan to train 7.5 million workers in AI skills over the next five years. Specifically, Microsoft has committed to upskilling 1 … [+2221 chars]"
"{'id': None, 'name': 'The New Yorker'}",Jelani Cobb,Lessons of Later-in-Life Fatherhood,"Jelani Cobb on becoming a parent at fifty and the rising average age of first-time American dads, a trend aided in part by growing gender equality, I.V.F. treatments, and other factors.",https://www.newyorker.com/culture/the-weekend-essay/the-old-man,"https://media.newyorker.com/photos/684b4623d3fa252b530d27c1/16:9/w_1280,c_limit/Jelani_Fathers_Day_social.jpg",2025-06-14T10:00:00Z,"Forty-nine years ago, on what I recall as a Saturday morning when I was six and my father was fifty-six, I barged into the bathroom, as was my habit, and witnessed a scene that both bewildered and fa… [+19974 chars]"
"{'id': None, 'name': 'The Advocate'}",BY KOKI RILEY | Staff writer,"LSU baseball vs. Arkansas: First pitch time, how to watch College World Series in Omaha","Here's what you need to know about LSU baseball's first game in the College World Series against Arkansas.

Our LSU baseball coverage is brought to you in part by Our Lady of the Lake Health, Championship Health Partners of LSU.",https://www.theadvocate.com/baton_rouge/sports/lsu/lsu-baseball-arkansas-first-pitch-time-saturday-college-world-series-omaha/article_8dfd01a2-dfad-5cb0-a6f6-9d9feb96804b.html,https://bloximages.newyork1.vip.townnews.com/theadvocate.com/content/tncms/assets/v3/editorial/3/ef/3efe5851-58cd-54f4-8e0d-97d015fe484c/684b360036262.image.jpg?crop=1685%2C885%2C0%2C172&resize=1200%2C630&order=crop%2Cresize,2025-06-14T10:00:00Z,"ONLINE/TV: ESPN
RADIO: WDGL-FM, 98.1 (Baton Rouge); WWL-AM, 870 (New Orleans); KLWB-FM, 103.7 (Lafayette)
RANKINGS: LSU is No. 6 overall seed; Arkansas is No. 3
PROBABLE STARTERS: LSU LHP Kade And… [+495 chars]"
"{'id': 'nbc-news', 'name': 'NBC News'}",Melissa Chan,"He chose to serve longer in the Army. Now he's saddled with $40,000 in moving costs.","Charles Levine was blindsided in February when he was about to retire from the Army and found out it would not cover more than $40,000 in final moving costs — an end-of-service benefit given to retirees",https://www.nbcnews.com/news/us-news/army-retirement-moving-costs-rcna212015,"https://media-cldnry.s-nbcnews.com/image/upload/t_nbcnews-fp-1200-630,f_auto,q_auto:best/rockcms/2025-06/250612-Charles-Levine-taliban-cave-ew-314p-b0192c.jpg",2025-06-14T10:00:00Z,"Charles Levine was blindsided in February when he was about to retire from the Army and found out it would not cover more than $40,000 in final moving costs an end-of-service benefit given to retiree… [+5630 chars]"
"{'id': None, 'name': 'The Advocate'}",BY KOKI RILEY | Staff writer,How a backyard batting cage helped LSU baseball's Derek Curiel guide the Tigers to Omaha,"How LSU baseball freshman Derek Curiel honed his skills at the plate through a batting cage in his backyard.

Our LSU baseball coverage is brought to you in part by Our Lady of the Lake Health, Championship Health Partners of LSU.",https://www.theadvocate.com/baton_rouge/sports/lsu/lsu-baseball-derek-curiel-college-world-series-omaha-arkansas/article_da4dacc6-47c4-5ede-92f0-3b3fff529a0d.html,https://bloximages.newyork1.vip.townnews.com/theadvocate.com/content/tncms/assets/v3/editorial/a/60/a60a2a09-8775-509b-a1b9-0f69e8747615/68449cce5a7c2.image.jpg?crop=1679%2C881%2C0%2C176&resize=1200%2C630&order=crop%2Cresize,2025-06-14T10:00:00Z,"""We're just so happy and blessed that he's at LSU,"" Rick said, ""and I just can't believe my son's going to the College World Series.""
Derek is a fixture in the LSU lineup. He's spent the majority of… [+704 chars]"
"{'id': None, 'name': 'NPR'}",Rob Stein,Ancient miasma theory may help explain Health Secretary Robert F. Kennedy Jr.'s vaccine moves,"Health Secretary Robert F. Kennedy Jr. apparently embraces the outdated ""miasma theory"" of disease instead of the widely accept ""germ theory"" of disease, which may help explain some of the actions he's been taking.",https://www.npr.org/sections/shots-health-news/2025/06/14/nx-s1-5429732/ancient-miasma-theory-may-help-explain-health-secretary-robert-f-kennedy-jr-s-vaccine-moves,https://npr.brightspotcdn.com/dims3/default/strip/false/crop/1024x576+0+102/resize/1400/quality/100/format/jpeg/?url=http%3A%2F%2Fnpr-brightspot.s3.amazonaws.com%2Fae%2F3c%2F6a4c565941d19ba05c3675aaec15%2Fgettyimages-2216571317.jpg,2025-06-14T10:00:00Z,Health Secretary Robert F. Kennedy Jr. has upended medical research and public health in the U.S. in many ways. One of the ideas that could be influencing his overhaul of federal health agencies date… [+3909 chars]
"{'id': None, 'name': 'Camillestyles.com'}",Kristen Garaffo,Everyone Else Loves Summer—So Why Am I Struggling?,"Struggling during the warmer months? Here’s how to recognize and cope with summer seasonal depression, according to a psychologist.",https://camillestyles.com/wellness/summer-seasonal-depression/,https://camillestyles.com/wp-content/uploads/2025/06/summer-fashion-trends-2025.jpg,2025-06-14T10:00:00Z,"Keeping it realI wish I was someone who loved summer. Growing up, I vacationed in New Hampshire and looked forward to funnel cake on the boardwalk, lazy days on the lake, sugary cereal, and a late be… [+6466 chars]"
"{'id': None, 'name': 'Mother Jones'}",Dharna Noor and Oliver Milman,Trump’s EPA Rollbacks: Trading Clean Air for Wealthy Plant Owners’ Profits,This story was originally published by the Guardian and is reproduced here as part of the Climate Desk collaboration. Donald Trump’s Environmental Protection Agency (EPA) claimed on Wednesday that its plan to eviscerate power plant pollution standards will sa…,https://www.motherjones.com/politics/2025/06/trumps-epa-rollbacks-trading-clean-air-for-wealthy-plant-owners-profits/,https://www.motherjones.com/wp-content/uploads/2025/06/20210209_zaa_s197_290.jpg?w=1200&h=630&crop=1,2025-06-14T10:00:00Z,"Billowing smokestacks at Tampa Electric Big Bend power station.Paul Hennessy/ZUMA
Get your news from a source thats not owned and controlled by oligarchs. Sign up for the free Mother Jones Daily.
T… [+6528 chars]"
"{'id': None, 'name': 'Economictimes.com'}",ETMarkets.com,How to Calculate the Interest Coverage Ratio,It shows how many times a company can cover its interest expenses with its earnings before interest and taxes (EBIT).,https://m.economictimes.com/markets/web-stories/how-to-calculate-the-interest-coverage-ratio/slideshow/121846964.cms,"https://img.etimg.com/thumb/msid-121847126,width-900,height-1200,resizemode-6.cms",2025-06-14T09:59:06Z,"A high ICR suggests that a company is generating enough earnings to comfortably meet its interest obligations, indicating strong financial health and lower risk of default. A low ICR can signal finan… [+102 chars]"
"{'id': 'business-insider', 'name': 'Business Insider'}",glandsverk@insider.com (Gabby Landsverk),"Eat your beans — 1 cup a day cuts inflammation and bad cholesterol, scientists say","Beans have been called a longevity superfood, and new research shows they help lower inflammation and cholesterol in a matter of weeks.",https://www.businessinsider.com/eating-beans-daily-helps-lower-cholesterol-reduce-inflammation-study-2025-6,https://i.insider.com/684b25f13d5881a51c1b5025?width=1200&format=jpeg,2025-06-14T09:59:02Z,"A daily dose of beans can cut cholesterol, lower inflammation, and may help fend off chronic illnesses like heart disease, new research suggests.
A group of researchers from the Illinois Institute o… [+3740 chars]"
"{'id': None, 'name': 'Securityaffairs.com'}",Pierluigi Paganini,Palo Alto Networks fixed multiple privilege escalation flaws,Palo Alto Networks addressed multiple vulnerabilities and included the latest Chrome patches in its solutions. Palo Alto Networks fixed seven privilege escalation vulnerabilities and integrated the latest Chrome security patches into its products. Palo Alto a…,https://securityaffairs.com/179000/security/palo-alto-networks-fixed-multiple-privilege-escalation-flaws.html,https://securityaffairs.com/wp-content/uploads/2020/05/Palo-Alto-Networks.png,2025-06-14T09:56:27Z,"Palo Alto Networks fixed multiple privilege escalation flaws
 | Unusual toolset used in recent Fog Ransomware attack
 | 
A cyberattack on United Natural Foods caused bread shortages and bare shelv… [+172521 chars]"
"{'id': 'cnn', 'name': 'CNN'}","Esteban Campanela, PabloAntonio GarciaEscorihuela",FIFA Club World Cup: What to know as the most revolutionary soccer tournament of this century kicks off,"When the ball gets kicked off the center circle of Miami’s Hard Rock Stadium, the United States will go down in history as the first host of the most important soccer tournament created this century.",https://www.cnn.com/2025/06/14/sport/club-world-cup-fifa-what-to-know-spt,"https://media.cnn.com/api/v1/images/stellar/prod/gettyimages-2217435506.jpg?c=16x9&q=w_800,c_fill",2025-06-14T09:55:42Z,"When the ball gets kicked off the center circle of Miamis Hard Rock Stadium, the United States will go down in history as the first host of the most important soccer tournament created this century.… [+9613 chars]"
"{'id': None, 'name': 'Academyofideas.uk'}",Claire Fox,Suffer the children? The dangers of expanding the realm of mental health,This is an edited version of my foreword to an important new report by Lucy Beney for the Family Education Trust.,https://www.academyofideas.uk/p/suffer-the-children-the-dangers-of,"https://substackcdn.com/image/fetch/w_1200,h_600,c_fill,f_jpg,q_auto:good,fl_progressive:steep,g_auto/https%3A%2F%2Fsubstack-post-media.s3.amazonaws.com%2Fpublic%2Fimages%2F2469d6ac-3f1c-4537-bc45-8daafdcc7bcc_1000x507.jpeg",2025-06-14T09:54:11Z,"Suffer The Children: Why having a mental health professional in every school is not the answer by Lucy Beney is a refreshing, must-read antidote to orthodoxies associated with the enormous spike in n… [+6920 chars]"
"{'id': None, 'name': 'YouTube'}",,"After your parents, your kids will be the ones praying for your good health!  #cutebaby #agastya","After your parents, your kids will be the ones praying for your good health!  #cutebaby #agastyayoutube.com",https://www.youtube.com/supported_browsers?next_url=https%3A%2F%2Fwww.youtube.com%2Fwatch%3Fv%3Db-pxXXJ_Sik,,2025-06-14T09:49:43Z,"Your browser isnt supported anymore. Update it to get the best YouTube experience and our latest features. Learn more
Remind me later"
"{'id': None, 'name': 'Lenscratch.com'}",Megan Bent,The Dynamics of Photography and Disability: Pauly V ‘Care Before Profit: A Diabetic Perspective on Healthcare Under Capitalism’,"In this ongoing series, Megan Bent interviews and shares projects by disabled/chronically ill photographers. The definition of dynamics is “forces or properties which stimulate growth, development, or change within a system or process.” Each of these artists …",http://lenscratch.com/2025/06/the-dynamics-of-photography-and-disability-pauly-v-care-before-profit-a-diabetic-perspective-on-healthcare-under-capitalism/,http://lenscratch.com/wp-content/uploads/2025/06/V_vials_1.jpg,2025-06-14T09:40:35Z,"© Pauly V., Vials (1), film photography and cyanotype on insulin fact sheets and corrugated plastic, 34 x 26 inches, framed. Image: A medical insert pamphlet with small text and photos instructing ho… [+21950 chars]"
"{'id': None, 'name': 'New York Post'}",Fox News,"About 60 people arrested after veterans’ anti-ICE demonstration in Washington, DC, police say","A group of about 75 protesters were demonstrating peacefully Friday night at the Supreme Court, just across the street from the Capitol, according to a statement from Capitol Police.",https://nypost.com/2025/06/14/us-news/capitol-police-arrest-60-veteran-anti-ice-protesters-breaching-capitol-barricade/,https://nypost.com/wp-content/uploads/sites/2/2025/06/newspress-collage-torzemdmm-1749892425896.jpg?quality=75&strip=all&1749878107&w=1024,2025-06-14T09:31:18Z,"Roughly 60 demonstrators were arrested on Friday outside the US Capitol after breaching a police line of bike racks and advancing toward steps leading to the Capitol Rotunda, according to Capitol Pol… [+3074 chars]"
"{'id': None, 'name': 'Newsbreak.com'}",Lilli Iannella,"Nimbus COVID variant is spreading across the US. It's likely in CT, health experts say. - NewsBreak","Nimbus COVID variant is spreading across the US. It's likely in CT, health experts say. - NewsBreaknewsbreak.com",https://www.newsbreak.com/share/4051106574635-nimbus-covid-variant-is-spreading-across-the-us-it-s-likely-in-ct-health-experts-say?_f=app_share&amp;pd=0LVAhfCL&amp;lang=en_US&amp;send_time=1749893387&amp;trans_data=%7B%22platform%22%3A0%2C%22cv%22%3A%2225.23.1.2%22%2C%22languages%22%3A%22en%22%7D&amp;sep=ns_foryou_recall_exp_25q2-v3%2Cns_foryou_rank_exp_25q2-v5%2Cns_foryou_model_exp_25q2_v2-v2%2Cns_foryou_blend_exp_25q2-v1&amp;s=i2,https://img.particlenews.com/img/id/1cSQXi_11nzmRfT00,2025-06-14T09:30:21Z,"Alexandra Velez of Stamford gets tested by Dr. Kisha Mitchell Richards during a free COVID 19 testing clinic in Stamford, Connecticut on June 20, 2020.  (Hearst Connecticut Media file photo)
Over th… [+6180 chars]"
"{'id': None, 'name': 'Richmond.com'}",ANNA BRYSON Richmond Times-Dispatch,Democrats running for Lt. Gov. make final arguments before primary,"The leading Democratic candidates for lieutenant governor are emphasizing their life stories and political résumés, hoping personal experience will help them earn votes in Tuesday's primary.",https://richmond.com/news/state-regional/government-politics/article_4251d64c-c944-49fa-b57f-ad6f2b66aa1f.html,https://bloximages.newyork1.vip.townnews.com/richmond.com/content/tncms/assets/v3/editorial/4/25/4251d64c-c944-49fa-b57f-ad6f2b66aa1f/684b54f608946.social.jpg,2025-06-14T09:30:00Z,With few major policy differences separating them save for a sharp split over a proposed casino in Tysons Corner the leading Democratic candidates for lieutenant governor are emphasizing their life s… [+12087 chars]
"{'id': 'business-insider', 'name': 'Business Insider'}",Alice Tecotzky,I own a small solar company in Montana and might have to lay off most of my employees. I'm not hiding that from them.,"Ralph Walters, owner of SBS solar in Montana, may do mass layoffs if a GOP bill ends key tax credits. He's being honest with his staff about it all.",https://www.businessinsider.com/small-business-owner-montana-fire-employees-gop-bill-tax-credit-2025-6,https://i.insider.com/684aec693d5881a51c1b48dc?width=1200&format=jpeg,2025-06-14T09:28:01Z,"Ralph Walters owns SBS Solar in Montana with his wife, Jaime RauchRalph Walters
<ul><li>Ralph Walters worries about how the Republican spending bill could end energy tax credits.</li><li>If it passe… [+3651 chars]"
"{'id': None, 'name': 'YouTube'}",,Is Yoga Good For Multiple Sclerosis? - The Health Brief,Is Yoga Good For Multiple Sclerosis? - The Health Briefyoutube.com,https://www.youtube.com/supported_browsers?next_url=https%3A%2F%2Fwww.youtube.com%2Fwatch%3Fv%3D4XuwzuugFsU,,2025-06-14T09:24:59Z,"Your browser isnt supported anymore. Update it to get the best YouTube experience and our latest features. Learn more
Remind me later"
"{'id': None, 'name': 'Jefferson City News Tribune'}",Clara Bates Missouri Independent,Missourians stuck in jail waiting for mental health care up 40 percent from last year,"The number of Missourians languishing in jail while they wait for a spot in a state-run psychiatric hospital continues to climb, with nearly 450 people stuck in limbo in need of mental health treatment.",https://www.newstribune.com/news/2025/jun/14/missourians-stuck-in-jail-waiting-for-mental/,https://wehco.media.clients.ellingtoncms.com/imports/adg/img/2025/06/14/210351901_Screenshot-2025-06-13-at-8.15.09-AM_t1200.jpeg?57a0c2296240c280e9492005c3cad63e7cbe80f4,2025-06-14T09:24:10Z,"The number of Missourians languishing in jail while they wait for a spot in a state-run psychiatric hospital continues to climb, with nearly 450 people stuck in limbo in need of mental health treatme… [+4118 chars]"
"{'id': None, 'name': 'ETF Daily News'}",MarketBeat News,"UMB Bank n.a. Has $61,000 Position in Chewy, Inc. (NYSE:CHWY)","UMB Bank n.a. raised its stake in shares of Chewy, Inc. (NYSE:CHWY – Free Report) by 225.7% in the first quarter, according to its most recent 13F filing with the Securities & Exchange Commission. The firm owned 1,866 shares of the company’s stock after buyin…",https://www.etfdailynews.com/2025/06/14/umb-bank-n-a-has-61000-position-in-chewy-inc-nysechwy/,https://www.americanbankingnews.com/wp-content/timthumb/timthumb.php?src=https://www.marketbeat.com/logos/chewy-inc-logo-1200x675.png?v=20240306131142&w=240&h=240&zc=2,2025-06-14T09:22:55Z,"UMB Bank n.a. raised its stake in shares of Chewy, Inc. (NYSE:CHWY – Free Report) by 225.7% in the first quarter, according to its most recent 13F filing with the Securities &amp; Exchange Commission… [+5373 chars]"
"{'id': None, 'name': 'Globalsecurity.org'}",John Pike,"Nuclear safeguards and the NPT: AUKUS Side Event, May 2025","Australian statement as delivered by Vanessa Wood, Ambassador for Arms Control and Counter-Proliferation",https://www.globalsecurity.org/wmd/library/news/australia/2025/australia-250613-ukfcdo02.htm,,2025-06-14T09:18:48Z,"Combined statements of the UK, Australia, and the US from the NPT PrepCom AUKUS Side Event on 1 May 2025
From: Foreign, Commonwealth &amp; Development Office and Corinne Kitsell OBE Published 13 Jun… [+25578 chars]"
"{'id': None, 'name': 'Premium Times'}",Fortune Eromonsele,"Nigerian health workers threaten strike, give 14-day ultimatum",The doctors' association said the strike would commence at an Abuja hospital but may become a nationwide strike.,https://www.premiumtimesng.com/news/top-news/800783-nigerian-health-workers-threaten-strike-give-14-day-ultimatum.html,https://media.premiumtimesng.com/wp-content/files/2023/12/Nigerian_Medical_Association_Logo.jpeg,2025-06-14T09:15:32Z,"The Nigerian Medical Association (NMA), Federal Capital Territory (FCT) chapter, has issued a 14-day strike ultimatum to the management of the National Hospital, Abuja, over the dismissal of three of… [+1597 chars]"
"{'id': None, 'name': 'ETF Daily News'}",MarketBeat News,Financial Stocks To Keep An Eye On – June 11th,"UnitedHealth Group, Circle Internet Group, Robinhood Markets, Salesforce, and ProShares UltraPro Short QQQ are the five Financial stocks to watch today, according to MarketBeat’s stock screener tool. Financial stocks are shares of companies operating in the f…",https://www.etfdailynews.com/2025/06/14/financial-stocks-to-keep-an-eye-on-june-11th/,https://www.americanbankingnews.com/wp-content/timthumb/timthumb.php?src=https://www.marketbeat.com/logos/unitedhealth-group-incorporated-logo-1200x675.png?v=20221020135718&w=240&h=240&zc=2,2025-06-14T09:13:00Z,"UnitedHealth Group, Circle Internet Group, Robinhood Markets, Salesforce, and ProShares UltraPro Short QQQ are the five Financial stocks to watch today, according to MarketBeat’s stock screener tool.… [+5805 chars]"
"{'id': None, 'name': 'Globalsecurity.org'}",John Pike,Respected Comrade Kim Jong Un Makes Speech at Ceremony of Launching Destroyer of Navy of Korean People's Army,The respected Comrade Kim Jong Un made a speech at a ceremony of launching a destroyer of the Navy of the Korean People's Army on June 12.,https://www.globalsecurity.org/wmd/library/news/dprk/2025/dprk-250613-kcna02.htm,,2025-06-14T09:11:27Z,"Korean Central News Agency of DPRK
Pyongyang, June 13 (KCNA) -- The respected Comrade Kim Jong Un made a speech at a ceremony of launching a destroyer of the Navy of the Korean People's Army on June… [+19244 chars]"
"{'id': None, 'name': 'Globalsecurity.org'}",John Pike,Secretary General Alain Berset voices strong support for reform and peace at conclusion of first visit to Armenia,"On his first visit to Armenia as Secretary General of the Council of Europe, Alain Berset reaffirmed the Organisation's unwavering support for the country's democratic development and called for the swift signature of a peace agreement between Armenia and Aze…",https://www.globalsecurity.org/military/library/news/2025/06/mil-250613-coe01.htm,,2025-06-14T09:11:27Z,"Council of Europe
Secretary GeneralYerevan (Armenia)13 June 2025
On his first visit to Armenia as Secretary General of the Council of Europe, Alain Berset reaffirmed the Organisation's unwavering s… [+3762 chars]"
"{'id': None, 'name': 'Globalsecurity.org'}",John Pike,"World News in Brief: Rights abuses in Haiti, Sudan war sees exodus to Chad, food trade optimism","Escalating gang violence in Haiti has displaced a record 1.3 million people, UN human rights chief Volker Türk said on Friday.",https://www.globalsecurity.org/military/library/news/2025/06/mil-250613-unnews03.htm,,2025-06-14T09:11:27Z,"13 June 2025 - Escalating gang violence in Haiti has displaced a record 1.3 million people, UN human rights chief Volker TÃ¼rk said on Friday. 
Between 1 January and 30 May, at least 2,680 people - … [+4529 chars]"
"{'id': None, 'name': 'Globalsecurity.org'}",John Pike,"Food insecurity in Lebanon returns to near pre-conflict levels - but gains remain fragile, new report shows","Under the patronage and in the presence of Lebanese Minister of Agriculture Dr. Nizar Hani, and with the participation of WFP Representative and Country Director in Lebanon Mr. Matthew Hollingworth, Acting FAO Representative in Lebanon Ms. Veronica Quattrola …",https://www.globalsecurity.org/military/library/news/2025/06/mil-250613-wfp01.htm,,2025-06-14T09:11:27Z,"World Food Programme
13 June 2025
21 per cent of Lebanon's population faces acute food insecurity, projected to worsen by the summer.
BEIRUT -- Under the patronage and in the presence of Lebanese … [+6004 chars]"
"{'id': None, 'name': 'Globalsecurity.org'}",John Pike,"Humanitarians must be able to deliver aid in Gaza, UN agencies insist",UN agencies on Friday continue to stress they must be allowed to deliver aid in the Gaza Strip as famine looms and a telecommunications blackout threatens lifesaving operations.,https://www.globalsecurity.org/military/library/news/2025/06/mil-250613-unnews01.htm,,2025-06-14T09:11:27Z,"13 June 2025 - UN agencies on Friday continue to stress they must be allowed to deliver aid in the Gaza Strip as famine looms and a telecommunications blackout threatens lifesaving operations. 
The … [+4865 chars]"
"{'id': None, 'name': 'Globalsecurity.org'}",John Pike,DR Congo crisis: Aid teams appeal for support to help displaced communities left with nothing,"As diplomatic efforts continue to end fighting in eastern Democratic Republic of the Congo (DRC), the UN development agency (UNDP) issued an appeal on Friday on behalf of people uprooted by the violence to help them rebuild their lives and livelihoods.",https://www.globalsecurity.org/military/library/news/2025/06/mil-250613-unnews02.htm,,2025-06-14T09:11:27Z,"13 June 2025 - As diplomatic efforts continue to end fighting in eastern Democratic Republic of the Congo (DRC), the UN development agency (UNDP) issued an appeal on Friday on behalf of people uproot… [+2414 chars]"
"{'id': None, 'name': 'ETF Daily News'}",MarketBeat News,"Wealthcare Advisory Partners LLC Sells 485 Shares of Best Buy Co., Inc. (NYSE:BBY)","Wealthcare Advisory Partners LLC decreased its stake in Best Buy Co., Inc. (NYSE:BBY – Free Report) by 5.9% in the 1st quarter, according to the company in its most recent 13F filing with the Securities and Exchange Commission (SEC). The fund owned 7,677 shar…",https://www.etfdailynews.com/2025/06/14/wealthcare-advisory-partners-llc-sells-485-shares-of-best-buy-co-inc-nysebby/,https://www.americanbankingnews.com/wp-content/timthumb/timthumb.php?src=https://www.marketbeat.com/logos/best-buy-co-inc-logo-1200x675.png?v=20221104134121&w=240&h=240&zc=2,2025-06-14T09:06:56Z,"Wealthcare Advisory Partners LLC decreased its stake in Best Buy Co., Inc. (NYSE:BBY – Free Report) by 5.9% in the 1st quarter, according to the company in its most recent 13F filing with the Securit… [+6705 chars]"
"{'id': None, 'name': 'ETF Daily News'}",MarketBeat News,Top Virtual Reality Stocks To Follow Now – June 12th,"Meta Platforms, GameStop, Unity Software, Best Buy, and EPAM Systems are the five Virtual Reality stocks to watch today, according to MarketBeat’s stock screener tool. Virtual reality stocks are shares of publicly traded companies that design, manufacture or …",https://www.etfdailynews.com/2025/06/14/top-virtual-reality-stocks-to-follow-now-june-12th/,https://www.americanbankingnews.com/wp-content/timthumb/timthumb.php?src=https://www.marketbeat.com/logos/meta-platforms-inc-logo-1200x675.png?v=20220609084126&w=240&h=240&zc=2,2025-06-14T09:06:53Z,"Meta Platforms, GameStop, Unity Software, Best Buy, and EPAM Systems are the five Virtual Reality stocks to watch today, according to MarketBeat’s stock screener tool. Virtual reality stocks are shar… [+6393 chars]"
"{'id': None, 'name': 'ETF Daily News'}",MarketBeat News,Utility Stocks To Add to Your Watchlist – June 12th,"Tesla, Berkshire Hathaway, and Ford Motor are the three Utility stocks to watch today, according to MarketBeat’s stock screener tool. Utility stocks represent shares in companies that provide essential public services—such as electricity, water or natural gas…",https://www.etfdailynews.com/2025/06/14/utility-stocks-to-add-to-your-watchlist-june-12th/,https://www.americanbankingnews.com/wp-content/timthumb/timthumb.php?src=https://www.marketbeat.com/logos/tesla-inc-logo-1200x675.png?v=20221020135629&w=240&h=240&zc=2,2025-06-14T09:06:52Z,"Tesla, Berkshire Hathaway, and Ford Motor are the three Utility stocks to watch today, according to MarketBeat’s stock screener tool. Utility stocks represent shares in companies that provide essenti… [+4021 chars]"
"{'id': 'usa-today', 'name': 'USA Today'}","Francesca Chambers, USA TODAY","Tanks, helicopters and a military parade: How Donald Trump is spending his 79th birthday","The Army expects as many as 200,000 people to attend the parade that honors the U.S. Army’s formation and coincides with Donald Trump’s birthday.",https://www.usatoday.com/story/news/politics/2025/06/14/trump-military-parade-birthday-79/84194724007/,https://s.yimg.com/ny/api/res/1.2/rRIs2WkoJ9pt9JCZuXkmSA--/YXBwaWQ9aGlnaGxhbmRlcjt3PTEyMDA7aD04MDA-/https://media.zenfs.com/en/usa_today_news_641/29977989b262ad4b9e4fd6ea45c4871d,2025-06-14T09:06:10Z,"WASHINGTON President Donald Trumps birthday will be full of pomp and circumstance as the 79-year-old politician celebrates with a military parade.
The Army expects as many as 200,000 people to show … [+5061 chars]"
"{'id': 'the-times-of-india', 'name': 'The Times of India'}",Global Desk,"Christchurch mother had a sexual relationship with her friend’s 15-year-old son, and now she is free","In Christchurch, a mother received home detention. She had a sexual relationship with her friend’s 15-year-old son. The court acknowledged the consensual nature. The judge considered her vulnerabilities. The teen's mother knew but didn't intervene. The woman'…",https://economictimes.indiatimes.com/news/international/new-zealand/christchurch-mother-had-a-sexual-relationship-with-her-friends-15-year-old-son-and-now-she-is-free/articleshow/121846122.cms,"https://img.etimg.com/thumb/msid-121846207,width-1200,height-630,imgsize-145615,overlay-economictimes/articleshow.jpg",2025-06-14T09:06:01Z,"A Christchurch mother has been sentenced to nine months home detention, avoiding prison, after pleading guilty to a sexual relationship with her friends 15-year-old son in 2022. The court found the r… [+1715 chars]"
"{'id': None, 'name': 'Www.gov.uk'}",Department for Business and Trade,Entrepreneurs and retail leaders recognised in King's Birthday Honours List,"Recipients recognised for years of exceptional service and dedication, and who are trailblazers for helping drive economic prosperity and increasing the UK’s global standing.",https://www.gov.uk/government/news/entrepreneurs-and-retail-leaders-recognised-in-kings-birthday-honours-list,https://assets.publishing.service.gov.uk/media/64539946faf4aa0012e132d1/s960_DBT_Plaque-2.jpg,2025-06-14T09:04:42Z,"The chief executive of one of Britains most popular high-street bakeries, the founder of an iconic ceramics brand, and the head of the UKs largest professional body for recruiters are included in the… [+9975 chars]"
"{'id': None, 'name': 'New Atlas'}",Paul McClure,Boost well-being and reduce stress with quick and easy daily “micro-acts”,"Spending a few minutes a day for a week doing simple things that bring joy increases well-being, decreases stress, and improves sleep, according to a new study. It shows you don’t need to invest in time-consuming well-being interventions for them to be effect…",https://newatlas.com/health-wellbeing/well-being-daily-micro-acts-joy/,https://assets.newatlas.com/dims4/default/f59c759/2147483647/strip/true/crop/2250x1181+0+42/resize/1200x630!/quality/90/?url=https%3A%2F%2Fnewatlas-brightspot.s3.amazonaws.com%2Fd2%2F49%2F84fc15e249d98caabceb0618e69b%2Fdepositphotos-362600692-l.jpg&na.image_optimisation=0,2025-06-14T09:03:00Z,"Spending a few minutes a day for a week doing simple things that bring joy increases well-being, decreases stress, and improves sleep, according to a new study. It shows you dont need to invest in ti… [+4356 chars]"
"{'id': 'business-insider', 'name': 'Business Insider'}",insider@insider.com (Orrin Onken),"My wife and I were both managers. When we retired, we set 3 marriage rules so we wouldn't micromanage each other.","Orrin Onken and his wife were both long-term managers. After they retired, they put 3 rules in place to stop them from micromanaging their marriage.",https://www.businessinsider.com/retirement-managers-marriage-micromanaging-2025-6,https://i.insider.com/684c0154f748d8c055f3a2ad?width=1200&format=jpeg,2025-06-14T09:02:01Z,I was a lawyer running my own practice. My wife was a social worker. We guided other people through the intricacies of complex bureaucracies for a living. We used to decompress by talking about our d… [+5214 chars]
"{'id': 'fox-news', 'name': 'Fox News'}",Angelica Stabile,Hairstylists and medical expert confirm temporary hair loss affecting Ozempic users,"Experts discuss how weight loss can trigger temporary hair loss, with hairstylists and an endocrinologist providing insights on managing symptoms and hair regrowth.",https://www.foxnews.com/health/hairstylists-medical-expert-confirm-temporary-hair-loss-affecting-ozempic-users,https://static.foxnews.com/foxnews.com/content/uploads/2025/06/woman-at-hairstylist.jpg,2025-06-14T09:00:37Z,"Side effects from GLP-1s can vary but one lesser-known reported outcome of the popular weight-loss medications is hair loss or thinning.
Some hairstylists have confirmed an uptick in clients who com… [+6491 chars]"
"{'id': None, 'name': 'Geeksaresexy.net'}",Geeks are Sexy,The History of Graham Crackers: Fighting Lust with Whole Wheat Since 1830,"In the 1800s, Presbyterian minister Sylvester Graham took one look at America and said, “Too much sex. Not enough bland bread.” He believed spicy food, rich flavors, and anything remotely enjoyable were fueling the nation’s descent into moral chaos. His solut…",https://www.geeksaresexy.net/2025/06/14/the-history-of-graham-crackers-fighting-lust-with-whole-wheat-since-1830/,https://i0.wp.com/www.geeksaresexy.net/wp-content/uploads/2025/06/graham.jpg?fit=1200%2C628&ssl=1,2025-06-14T09:00:23Z,"In the 1800s, Presbyterian minister Sylvester Graham took one look at America and said, Too much sex. Not enough bland bread. He believed spicy food, rich flavors, and anything remotely enjoyable wer… [+761 chars]"
"{'id': 'newsweek', 'name': 'Newsweek'}",Hugh Cameron,Map Shows US States With Best—And Worst—Economies,"Incorporating dozens of metrics into its analysis, WalletHub created a ranking of the strongest economies in the U.S.",https://www.newsweek.com/map-us-states-best-worst-economies-2083853,https://d.newsweek.com/en/full/2660868/states-best-worst-economies.png,2025-06-14T09:00:01Z,"Personal finance company WalletHub conducted a comprehensive analysis of the strongest and weakest economies in the U.S. by state.
Thanks to thorough investigation into dozens of economic metrics, W… [+4687 chars]"
"{'id': 'newsweek', 'name': 'Newsweek'}",Maria Morava,"What Owning a Dog Says About You, According to a Psychotherapist","Newsweek spoke to experts about the results of a new study, which revealed that dog owners are more extroverted and agreeable than non-pet owners.",https://www.newsweek.com/what-being-dog-owner-says-about-your-personality-2083366,https://d.newsweek.com/en/full/2660179/woman-holds-dog-paws.jpg,2025-06-14T09:00:01Z,"Dogs are a man's best friend—and new research has shown that this friendship can actually influence man's personality.
A new study published in Social Indicators Research suggests that owning a dog … [+3829 chars]"
"{'id': 'cbc-news', 'name': 'CBC News'}",,Fighting fire with forest: Saint John plants trees to safeguard drinking water supply,"As wildfire risk grows with hotter, drier summers, Saint John is turning to trees to provide frontline protection for its drinking water — by cutting down trees in high-risk areas and planting more resilient native species.",https://www.cbc.ca/news/canada/new-brunswick/saint-john-municipal-water-supply-protection-1.7559606,https://i.cbc.ca/1.7559654.1749757722!/fileImage/httpImage/image.jpeg_gen/derivatives/16x9_1180/loch-lomond-area-tree-planting-site.jpeg?im=Resize%3D620,2025-06-14T09:00:00Z,"As wildfire risk grows with hotter, drier summers, Saint John is turning to trees to provide frontline protection for its drinking water by cutting down trees in high-risk areas and planting more res… [+2381 chars]"
"{'id': 'cbc-news', 'name': 'CBC News'}",,"Toronto moves step closer to allowing fiveplexes, sixplexes in bid to boost housing options",Toronto has moved one step closer to allowing fiveplexes and sixplexes in neighbourhoods across the city.,https://www.cbc.ca/news/canada/toronto/sixplexes-council-committee-city-staff-recommendations-toronto-1.7561321,https://i.cbc.ca/1.7561329.1749856956!/fileImage/httpImage/image.JPG_gen/derivatives/16x9_1180/sixplex-1.JPG?im=Resize%3D620,2025-06-14T09:00:00Z,"Toronto has moved one step closer to allowing fiveplexes and sixplexes in neighbourhoods across the city.
At its meeting on Thursday, the city's planning and housing committee approved recommendatio… [+5126 chars]"
"{'id': None, 'name': 'Fast Company'}",Michael Grothaus,Apple just made 3 great new privacy and security enhancements—but missed these 3 opportunities,"iOS 26, iPadOS 26, and macOS 26 will let you keep your data even more secure and private. But Apple could go further.

This week, Apple previewed its redesigned (and renumbered) operating systems at its annual Worldwide Developers Conference. While the new Li…",https://www.fastcompany.com/91349976/apple-privacy-security-upgrades-enhancements-mac-iphone-passwords-spam-link-filevault-ios-26,"https://images.fastcompany.com/image/upload/f_webp,q_auto,c_fit,w_1024,h_1024/wp-cms-2/2025/06/p-91349976-apple-privacy-and-security-upgrades-june-2025-ios-26.jpg",2025-06-14T09:00:00Z,"This week, Apple previewed its redesigned (and renumbered) operating systems at its annual Worldwide Developers Conference. While the new Liquid Glass design language was the star of the show across … [+5579 chars]"
"{'id': None, 'name': 'Pnghausbung.com'}",Paula David,PIH EXTENDS FREE HEALTH CHECKS TO POLICE OFFICERS IN GOROKA : PNG Haus Bung,"Pacific International Hospital (PIH) has extended its Free Basic Health Check program to Goroka, Eastern Highlands Province, reinforcing its ongoing",https://pnghausbung.com/pih-extends-free-health-checks-to-police-officers-in-goroka/,https://pnghausbung.com/wp-content/uploads/2025/06/PIH-EXTENDS-FREE-HEALTH-CHECKS-TO-POLICE-OFFICERS-IN-GOROKA.png,2025-06-14T08:56:56Z,"Pacific International Hospital (PIH) has extended its Free Basic Health Check program to Goroka, Eastern Highlands Province, reinforcing its ongoing commitment to the health and well-being of the Roy… [+1558 chars]"
"{'id': None, 'name': 'Typepad.com'}",chris,The political engagement dilemma,"""The only thing necessary for the triumph of evil is for good men to do nothing."" ""If a battle cannot be won, do not fight it."" These two great truths (wrongly attributed respectively to Edmund Burke and Sun Tzu) encapsulate...",https://stumblingandmumbling.typepad.com/stumbling_and_mumbling/2025/06/the-political-engagement-dilemma.html,https://stumblingandmumbling.typepad.com/.a/6a00d83451cbef69e202c8d3d5e8d2200c-600wi,2025-06-14T08:52:05Z,"""The only thing necessary for the triumph of evil is for good men to do nothing."" ""If a battle cannot be won, do not fight it."" These two great truths (wrongly attributed respectively to Edmund Burke… [+7623 chars]"
"{'id': None, 'name': 'ETF Daily News'}",MarketBeat News,"Pallas Capital Advisors LLC Takes $241,000 Position in Walgreens Boots Alliance, Inc. (NASDAQ:WBA)","Pallas Capital Advisors LLC acquired a new stake in shares of Walgreens Boots Alliance, Inc. (NASDAQ:WBA – Free Report) in the first quarter, Holdings Channel.com reports. The institutional investor acquired 21,595 shares of the pharmacy operator’s stock, val…",https://www.etfdailynews.com/2025/06/14/pallas-capital-advisors-llc-takes-241000-position-in-walgreens-boots-alliance-inc-nasdaqwba/,https://www.americanbankingnews.com/wp-content/timthumb/timthumb.php?src=https://www.marketbeat.com/logos/walgreens-boots-alliance-inc-logo-1200x675.jpg?v=20221101151332&w=240&h=240&zc=2,2025-06-14T08:51:05Z,"Pallas Capital Advisors LLC acquired a new stake in shares of Walgreens Boots Alliance, Inc. (NASDAQ:WBA – Free Report) in the first quarter, Holdings Channel.com reports. The institutional investor … [+5075 chars]"
"{'id': None, 'name': 'Inlife.com.ph'}",,Health Is Wealth: How Health Insurance Protects You | InLife,"Your health is your most important asset, so it deserves a solid safety net. InLife explores your insurance's role in protecting it. Read our thoughts here.",https://www.inlife.com.ph/articles/health-is-wealth-insurance-plans-to-safeguard-your-most-important-asset-00000009,https://d1h36vgosc7o6x.cloudfront.net/uploads/ab3c4bd4-e63e-4e16-9ad3-7333f334e8ff/How%20Insurance%20Can%20Save%20You%20From%20Filipino%20Health%20Issues.001.jpeg,2025-06-14T08:49:10Z,"The adage health is wealth can mean two different things. First, a healthy body enables you to live life to the fullest. You have the time and mobility to pursue passions, travel, and education. You … [+7157 chars]"
"{'id': None, 'name': 'ETF Daily News'}",MarketBeat News,Needham & Company LLC Reiterates “Hold” Rating for Chewy (NYSE:CHWY),"Chewy (NYSE:CHWY – Get Free Report)‘s stock had its “hold” rating restated by analysts at Needham & Company LLC in a research note issued on Thursday,Benzinga reports. CHWY has been the topic of several other reports. UBS Group raised their target price on Ch…",https://www.etfdailynews.com/2025/06/14/needham-company-llc-reiterates-hold-rating-for-chewy-nysechwy/,https://www.americanbankingnews.com/wp-content/timthumb/timthumb.php?src=https://www.marketbeat.com/logos/chewy-inc-logo-1200x675.png?v=20240306131142&w=240&h=240&zc=2,2025-06-14T08:46:50Z,"Chewy (NYSE:CHWY – Get Free Report)‘s stock had its “hold” rating restated by analysts at Needham &amp; Company LLC in a research note issued on Thursday,Benzinga reports.
CHWY has been the topic of… [+5171 chars]"
"{'id': None, 'name': 'ETF Daily News'}",MarketBeat News,Guggenheim Raises Chewy (NYSE:CHWY) Price Target to $45.00,"Chewy (NYSE:CHWY – Get Free Report) had its target price raised by Guggenheim from $42.00 to $45.00 in a research note issued on Thursday,Benzinga reports. The brokerage presently has a “buy” rating on the stock. Guggenheim’s target price indicates a potentia…",https://www.etfdailynews.com/2025/06/14/guggenheim-raises-chewy-nysechwy-price-target-to-45-00/,https://www.americanbankingnews.com/wp-content/timthumb/timthumb.php?src=https://www.marketbeat.com/logos/chewy-inc-logo-1200x675.png?v=20240306131142&w=240&h=240&zc=2,2025-06-14T08:46:50Z,"Chewy (NYSE:CHWY – Get Free Report) had its target price raised by Guggenheim from $42.00 to $45.00 in a research note issued on Thursday,Benzinga reports. The brokerage presently has a “buy” rating … [+5340 chars]"
"{'id': None, 'name': 'ETF Daily News'}",MarketBeat News,"Chewy (NYSE:CHWY) Stock Price Expected to Rise, Royal Bank of Canada Analyst Says","Chewy (NYSE:CHWY – Get Free Report) had its price objective hoisted by equities researchers at Royal Bank of Canada from $42.00 to $44.00 in a research note issued on Thursday,Benzinga reports. The firm currently has an “outperform” rating on the stock. Royal…",https://www.etfdailynews.com/2025/06/14/chewy-nysechwy-stock-price-expected-to-rise-royal-bank-of-canada-analyst-says/,https://www.americanbankingnews.com/wp-content/timthumb/timthumb.php?src=https://www.marketbeat.com/logos/chewy-inc-logo-1200x675.png?v=20240306131142&w=240&h=240&zc=2,2025-06-14T08:46:49Z,"Chewy (NYSE:CHWY – Get Free Report) had its price objective hoisted by equities researchers at Royal Bank of Canada from $42.00 to $44.00 in a research note issued on Thursday,Benzinga reports. The f… [+5129 chars]"
"{'id': None, 'name': 'Kenyans.co.ke'}",Walter Ngano,Ministry of Health Gazettes New Graphic Warnings on All Tobacco Products,Ministry of Health Gazettes New Graphic Warnings on All Tobacco Productskenyans.co.ke,https://www.kenyans.co.ke/news/113106-ministry-health-gazettes-new-graphic-warnings-all-tobacco-products,https://www.kenyans.co.ke/files/styles/article_style/public/images/media/duale%20cs%20health.jpg?itok=kQtV1ntx,2025-06-14T08:45:08Z,"The Ministry of Health has introduced new graphic health warnings on all tobacco products nationwide.
Through a statement released on Friday, June 13, the ministry revealed it had gazetted the third… [+3172 chars]"
"{'id': None, 'name': 'India.com'}",Ananya Kaushal,8 Powerful Fruits That Detox Your Liver And Kidneys Naturally Every Day,"Flush out toxins and feel rejuvenated, these 8 fruits are natural detoxifiers for your liver and kidneys when eaten daily.",https://zeenews.india.com/health/8-powerful-fruits-that-detox-your-liver-and-kidneys-naturally-every-day-2915942,https://english.cdn.zeenews.com/sites/default/files/2025/06/14/1770926-set.png,2025-06-14T08:44:17Z,"Our liver and kidneys work tirelessly behind the scenes, filtering toxins and keeping our bodies in balance. But with increasing pollution, processed foods, and stress, these vital organs can become … [+3476 chars]"
"{'id': None, 'name': 'Care.com'}",,"Find THE BEST Home Health Aides in Belmont, MA","Find THE BEST Home Health Aides in Belmont, MAcare.com",https://www.care.com/home-health-aides/belmont-ma,https://www.care.com/img/care-no-tag.jpg?v=2,2025-06-14T08:44:06Z,"If youre planning to hire a home health aide near you in Belmont, MA, its important to understand that there is no one standard role that a home health aide takes on. A home health aide isnt a nurse,… [+210 chars]"
"{'id': None, 'name': 'Christiantoday.com'}",Leonardo Blair,Pastors faring worse than others in relationships and well-being but most don’t get help,"Despite faring worse than practising Christians and US adults in general in their relationships, physical, emotional and mental health, most pastors don't get professional support.",https://www.christiantoday.com/news/pastors-faring-worse-than-others-in-relationships-and-well-being-but-most-dont-get-help,https://www.christiantoday.com/media/original/thumbnail/14/32/143240.jpg,2025-06-14T08:41:00Z,"(Photo: Getty/iStock)
Despite faring worse than practising Christians and US adults in general in their relationships, physical, emotional and mental health, most pastors don't get professional supp… [+3984 chars]"
"{'id': None, 'name': 'Christiantoday.com'}",Duncan Williams,Nick Vujicic urges the Church to embrace Christian counselling,"Evangelist Nick Vujicic, who has spent much of his life speaking hope into the lives of millions across the world, is now turning his focus inward - toward the Church itself.",https://www.christiantoday.com/news/nick-vujicic-urges-the-church-to-embrace-christian-counselling,https://www.christiantoday.com/media/original/thumbnail/14/32/143238.jpg,2025-06-14T08:40:00Z,"(Photo: Getty/iStock)
Evangelist Nick Vujicic, who has spent much of his life speaking hope into the lives of millions across the world, is now turning his focus inward - toward the Church itself. … [+4273 chars]"
"{'id': None, 'name': 'Todaynews.co.uk'}",David Prior,"""It’s a privilege to do this work"": CEO of Hale mental health charity recognised in King’s Birthday Honours List","""It’s a privilege to do this work"": CEO of Hale mental health charity recognised in King’s Birthday Honours Listtodaynews.co.uk",https://altrincham.todaynews.co.uk/charity/2025/06/14/its-a-privilege-to-do-this-work-ceo-of-hale-mental-health-charity-recognised-in-kings-birthday-honours-list/,https://altrincham.todaynews.co.uk/content/images/size/w1200/2025/06/Jo-Allen---CEO---The-Counselling-and-Family-Centre.jpg,2025-06-14T08:35:54Z,"Jo Allen, chief executive of The Counselling and Family Centre in Hale, has described receiving the British Empire Medal (BEM) in the Kings Birthday Honours List as a ""huge honour"".
For over 20 year… [+2363 chars]"
"{'id': None, 'name': 'ETF Daily News'}",MarketBeat News,"Wealthcare Advisory Partners LLC Reduces Position in MetLife, Inc. (NYSE:MET)","Wealthcare Advisory Partners LLC trimmed its holdings in shares of MetLife, Inc. (NYSE:MET – Free Report) by 9.0% during the first quarter, Holdings Channel reports. The fund owned 5,389 shares of the financial services provider’s stock after selling 531 shar…",https://www.etfdailynews.com/2025/06/14/wealthcare-advisory-partners-llc-reduces-position-in-metlife-inc-nysemet/,https://www.americanbankingnews.com/wp-content/timthumb/timthumb.php?src=https://www.marketbeat.com/logos/metlife-inc-logo-1200x675.png?v=20231227090133&w=240&h=240&zc=2,2025-06-14T08:34:55Z,"Wealthcare Advisory Partners LLC trimmed its holdings in shares of MetLife, Inc. (NYSE:MET – Free Report) by 9.0% during the first quarter, Holdings Channel reports. The fund owned 5,389 shares of th… [+5185 chars]"
"{'id': None, 'name': 'ETF Daily News'}",MarketBeat News,"Simplicity Wealth LLC Makes New $186,000 Investment in agilon health, inc. (NYSE:AGL)","Simplicity Wealth LLC bought a new position in shares of agilon health, inc. (NYSE:AGL – Free Report) during the first quarter, according to its most recent Form 13F filing with the SEC. The fund bought 43,025 shares of the company’s stock, valued at approxim…",https://www.etfdailynews.com/2025/06/14/simplicity-wealth-llc-makes-new-186000-investment-in-agilon-health-inc-nyseagl/,https://www.americanbankingnews.com/wp-content/timthumb/timthumb.php?src=https://www.marketbeat.com/logos/agilon-health-inc-logo-1200x675.jpg?v=20221110140631&w=240&h=240&zc=2,2025-06-14T08:34:48Z,"Simplicity Wealth LLC bought a new position in shares of agilon health, inc. (NYSE:AGL – Free Report) during the first quarter, according to its most recent Form 13F filing with the SEC. The fund bou… [+4805 chars]"
"{'id': None, 'name': 'ETF Daily News'}",MarketBeat News,"Simplicity Wealth LLC Acquires 1,135 Shares of Haleon plc (NYSE:HLN)","Simplicity Wealth LLC boosted its stake in shares of Haleon plc (NYSE:HLN – Free Report) by 7.9% in the first quarter, HoldingsChannel reports. The firm owned 15,482 shares of the company’s stock after purchasing an additional 1,135 shares during the quarter.…",https://www.etfdailynews.com/2025/06/14/simplicity-wealth-llc-acquires-1135-shares-of-haleon-plc-nysehln/,https://www.americanbankingnews.com/wp-content/timthumb/timthumb.php?src=https://www.marketbeat.com/logos/haleon-plc-logo-1200x675.png?v=20220726113645&w=240&h=240&zc=2,2025-06-14T08:34:48Z,"Simplicity Wealth LLC boosted its stake in shares of Haleon plc (NYSE:HLN – Free Report) by 7.9% in the first quarter, HoldingsChannel reports. The firm owned 15,482 shares of the company’s stock aft… [+4005 chars]"
"{'id': None, 'name': 'ETF Daily News'}",MarketBeat News,Performance Food Group (NYSE:PFGC) Shares Sold by Yousif Capital Management LLC,"Yousif Capital Management LLC reduced its position in Performance Food Group (NYSE:PFGC – Free Report) by 1.4% in the 1st quarter, according to the company in its most recent 13F filing with the Securities and Exchange Commission (SEC). The firm owned 40,654 …",https://www.etfdailynews.com/2025/06/14/performance-food-group-nysepfgc-shares-sold-by-yousif-capital-management-llc/,https://www.americanbankingnews.com/wp-content/timthumb/timthumb.php?src=https://www.marketbeat.com/logos/performance-food-group-logo-1200x675.jpg?v=20221109151435&w=240&h=240&zc=2,2025-06-14T08:32:50Z,"Yousif Capital Management LLC reduced its position in Performance Food Group (NYSE:PFGC – Free Report) by 1.4% in the 1st quarter, according to the company in its most recent 13F filing with the Secu… [+6482 chars]"
"{'id': None, 'name': 'ETF Daily News'}",MarketBeat News,"Yousif Capital Management LLC Lowers Holdings in HealthEquity, Inc. (NASDAQ:HQY)","Yousif Capital Management LLC decreased its holdings in HealthEquity, Inc. (NASDAQ:HQY – Free Report) by 2.9% in the 1st quarter, according to its most recent 13F filing with the Securities and Exchange Commission (SEC). The firm owned 30,837 shares of the co…",https://www.etfdailynews.com/2025/06/14/yousif-capital-management-llc-lowers-holdings-in-healthequity-inc-nasdaqhqy/,https://www.americanbankingnews.com/wp-content/timthumb/timthumb.php?src=https://www.marketbeat.com/logos/healthequity-inc-logo-1200x675.png?v=20240521132849&w=240&h=240&zc=2,2025-06-14T08:32:49Z,"Yousif Capital Management LLC decreased its holdings in HealthEquity, Inc. (NASDAQ:HQY – Free Report) by 2.9% in the 1st quarter, according to its most recent 13F filing with the Securities and Excha… [+5724 chars]"
"{'id': None, 'name': 'ETF Daily News'}",MarketBeat News,Wealthcare Advisory Partners LLC Buys 439 Shares of The Allstate Co. (NYSE:ALL),"Wealthcare Advisory Partners LLC boosted its stake in shares of The Allstate Co. (NYSE:ALL – Free Report) by 30.2% during the first quarter, according to the company in its most recent Form 13F filing with the Securities and Exchange Commission (SEC). The ins…",https://www.etfdailynews.com/2025/06/14/wealthcare-advisory-partners-llc-buys-439-shares-of-the-allstate-co-nyseall/,https://www.americanbankingnews.com/wp-content/timthumb/timthumb.php?src=https://www.marketbeat.com/logos/the-allstate-co-logo-1200x675.png?v=20221101142845&w=240&h=240&zc=2,2025-06-14T08:32:49Z,"Wealthcare Advisory Partners LLC boosted its stake in shares of The Allstate Co. (NYSE:ALL – Free Report) by 30.2% during the first quarter, according to the company in its most recent Form 13F filin… [+5652 chars]"
"{'id': None, 'name': 'ETF Daily News'}",MarketBeat News,"Harbor Capital Advisors Inc. Raises Stock Position in Privia Health Group, Inc. (NASDAQ:PRVA)","Harbor Capital Advisors Inc. grew its holdings in Privia Health Group, Inc. (NASDAQ:PRVA – Free Report) by 27.5% in the first quarter, according to its most recent filing with the Securities & Exchange Commission. The institutional investor owned 31,509 share…",https://www.etfdailynews.com/2025/06/14/harbor-capital-advisors-inc-raises-stock-position-in-privia-health-group-inc-nasdaqprva/,https://www.americanbankingnews.com/wp-content/timthumb/timthumb.php?src=https://www.marketbeat.com/logos/privia-health-group-inc-logo-1200x675.png?v=20221122121800&w=240&h=240&zc=2,2025-06-14T08:31:00Z,"Harbor Capital Advisors Inc. grew its holdings in Privia Health Group, Inc. (NASDAQ:PRVA – Free Report) by 27.5% in the first quarter, according to its most recent filing with the Securities &amp; Ex… [+5284 chars]"
"{'id': None, 'name': 'ETF Daily News'}",MarketBeat News,Harbor Capital Advisors Inc. Buys New Shares in Minerals Technologies Inc. (NYSE:MTX),"Harbor Capital Advisors Inc. bought a new stake in Minerals Technologies Inc. (NYSE:MTX – Free Report) in the 1st quarter, Holdings Channel reports. The firm bought 10,249 shares of the basic materials company’s stock, valued at approximately $652,000. Severa…",https://www.etfdailynews.com/2025/06/14/harbor-capital-advisors-inc-buys-new-shares-in-minerals-technologies-inc-nysemtx/,https://www.americanbankingnews.com/wp-content/timthumb/timthumb.php?src=https://www.marketbeat.com/logos/minerals-technologies-inc-logo-1200x675.png?v=20240507151834&w=240&h=240&zc=2,2025-06-14T08:30:58Z,"Harbor Capital Advisors Inc. bought a new stake in Minerals Technologies Inc. (NYSE:MTX – Free Report) in the 1st quarter, Holdings Channel reports. The firm bought 10,249 shares of the basic materia… [+4978 chars]"
"{'id': 'cbc-news', 'name': 'CBC News'}",,Something stinks at Corner Brook's new hospital,Newfoundland and Labrador Health Services says they now know the source and are working to deal with it.,https://www.cbc.ca/news/canada/newfoundland-labrador/corner-brook-hospital-smell-1.7560292,https://i.cbc.ca/1.6905536.1711034220!/fileImage/httpImage/image.jpg_gen/derivatives/16x9_1180/new-hospital-corner-brook.jpg?im=Resize%3D620,2025-06-14T08:30:00Z,"For months a foul odour has lingered near both the main and emergency entrances of Corner Brook's new Western Memorial Regional Hospital, but a Newfoundland and Labrador Health Services representativ… [+2227 chars]"
"{'id': None, 'name': 'Roanoke Times'}",LUKE WEIR The Roanoke Times,House primaries in Roanoke region signal arrival of 2025 election season,"Virginia House members serve two-year terms, and there are two primary elections happening in the Roanoke region on Tuesday.",https://roanoke.com/news/local/government-politics/elections/article_7d10fe3b-c975-46f6-96ae-1d8ec9bdc15d.html,https://bloximages.newyork1.vip.townnews.com/roanoke.com/content/tncms/assets/v3/editorial/7/d1/7d10fe3b-c975-46f6-96ae-1d8ec9bdc15d/684c981cb9da2.preview.jpg?crop=1763%2C926%2C0%2C124&resize=1200%2C630&order=crop%2Cresize,2025-06-14T08:30:00Z,"Election season blooms anew Tuesday in Virginia, as voters prepare for primary contests before deciding on a slate of state and local candidates this fall.
All 100 members of the Virginia House of D… [+5947 chars]"
"{'id': None, 'name': 'Slickdeals.net'}",phoinix | Staff,$1.99: The Diabetes Code: Prevent and Reverse Type 2 Diabetes Naturally (eBook) by Dr. Jason Fung (1 replies),"Previous Frontpage Deal at $2 with 77 Deal Score and 139 comments.

Available Retailers:Amazon [amazon.com] (Kindle eBook)
Barnes &amp; Noble [barnesandnoble.com] (NOOK eBook)
Google Play Stor",https://slickdeals.net/f/18380482-1-99-the-diabetes-code-prevent-and-reverse-type-2-diabetes-naturally-ebook-by-dr-jason-fung,https://slickdeals.net/attachment/1/1/7/1/5/2/7/450x450/17740750.thumb,2025-06-14T08:29:08Z,"Previous Frontpage Deal at $2 with 77 Deal Score and 139 comments.Available Retailers:
<table><tr><td>Author</td><td>Dr. Jason Fung</td></tr><tr><td>Publisher</td><td>Greystone Books</td></tr><tr><t… [+1655 chars]"
"{'id': None, 'name': 'Slickdeals.net'}",phoinix | Staff,$1.99: The Obesity Code: Unlocking the Secrets of Weight Loss (eBook) by Dr. Jason Fung (1 replies),"Previous Frontpage Deal at $2 with 69 Deal Score and 157 comments.

Available Retailers:Amazon [amazon.com] (Kindle eBook)
Barnes &amp; Noble [barnesandnoble.com] (NOOK eBook)
Google Play Stor",https://slickdeals.net/f/18380479-1-99-the-obesity-code-unlocking-the-secrets-of-weight-loss-ebook-by-dr-jason-fung,https://slickdeals.net/attachment/1/1/7/1/5/2/7/450x450/17740744.thumb,2025-06-14T08:28:28Z,"Previous Frontpage Deal at $2 with 69 Deal Score and 157 comments.Available Retailers:
<table><tr><td>Author</td><td>Dr. Jason Fung</td></tr><tr><td>Publisher</td><td>Greystone Books</td></tr><tr><t… [+1181 chars]"
"{'id': 'fox-news', 'name': 'Fox News'}","Landon Mion, Chad Pergram","About 60 people arrested after veterans' anti-ICE demonstration in Washington, DC, police say",Roughly 60 demonstrators were arrested on Friday outside the U.S. Capitol after breaching a police line of bike racks and running toward steps leading to the Capitol Rotunda.,https://www.foxnews.com/us/about-60-people-arrested-after-veterans-anti-ice-demonstration-washington-dc-police-say,https://static.foxnews.com/foxnews.com/content/uploads/2025/06/capitolarrests.png,2025-06-14T08:27:43Z,"Roughly 60 demonstrators were arrested on Friday outside the U.S. Capitol after breaching a police line of bike racks and advancing toward steps leading to the Capitol Rotunda, according to Capitol P… [+2415 chars]"
"{'id': None, 'name': 'ETF Daily News'}",MarketBeat News,Yousif Capital Management LLC Trims Position in Chemed Co. (NYSE:CHE),"Yousif Capital Management LLC cut its position in Chemed Co. (NYSE:CHE – Free Report) by 4.6% in the first quarter, HoldingsChannel.com reports. The firm owned 5,329 shares of the company’s stock after selling 255 shares during the quarter. Yousif Capital Man…",https://www.etfdailynews.com/2025/06/14/yousif-capital-management-llc-trims-position-in-chemed-co-nyseche/,https://www.americanbankingnews.com/wp-content/timthumb/timthumb.php?src=https://www.marketbeat.com/logos/chemed-co-logo-1200x675.jpg?v=20240122150609&w=240&h=240&zc=2,2025-06-14T08:27:01Z,"Yousif Capital Management LLC cut its position in Chemed Co. (NYSE:CHE – Free Report) by 4.6% in the first quarter, HoldingsChannel.com reports. The firm owned 5,329 shares of the company’s stock aft… [+4584 chars]"
"{'id': None, 'name': 'ETF Daily News'}",MarketBeat News,"Yousif Capital Management LLC Sells 276 Shares of Primerica, Inc. (NYSE:PRI)","Yousif Capital Management LLC trimmed its position in shares of Primerica, Inc. (NYSE:PRI – Free Report) by 2.3% during the 1st quarter, Holdings Channel.com reports. The institutional investor owned 11,844 shares of the financial services provider’s stock af…",https://www.etfdailynews.com/2025/06/14/yousif-capital-management-llc-sells-276-shares-of-primerica-inc-nysepri/,https://www.americanbankingnews.com/wp-content/timthumb/timthumb.php?src=https://www.marketbeat.com/logos/primerica-logo-1200x675.jpg&w=240&h=240&zc=2,2025-06-14T08:25:01Z,"Yousif Capital Management LLC trimmed its position in shares of Primerica, Inc. (NYSE:PRI – Free Report) by 2.3% during the 1st quarter, Holdings Channel.com reports. The institutional investor owned… [+4289 chars]"
"{'id': None, 'name': 'ETF Daily News'}",MarketBeat News,"Harbor Capital Advisors Inc. Purchases Shares of 8,334 Adtalem Global Education Inc. (NYSE:ATGE)","Harbor Capital Advisors Inc. purchased a new stake in shares of Adtalem Global Education Inc. (NYSE:ATGE – Free Report) during the first quarter, according to the company in its most recent disclosure with the Securities & Exchange Commission. The institution…",https://www.etfdailynews.com/2025/06/14/harbor-capital-advisors-inc-purchases-shares-of-8334-adtalem-global-education-inc-nyseatge/,https://www.americanbankingnews.com/wp-content/timthumb/timthumb.php?src=https://www.marketbeat.com/logos/adtalem-global-education-inc-logo-1200x675.jpg?v=20190607162835&w=240&h=240&zc=2,2025-06-14T08:24:48Z,"Harbor Capital Advisors Inc. purchased a new stake in shares of Adtalem Global Education Inc. (NYSE:ATGE – Free Report) during the first quarter, according to the company in its most recent disclosur… [+5532 chars]"
"{'id': 'the-times-of-india', 'name': 'The Times of India'}",Global Desk,"Pentobarbital injection used to execute Stephen Stanko, who killed two and raped his girl friend’s daughter, in South Carolina","Stephen Christopher Stanko faced execution in South Carolina. He was convicted for murders and other crimes. The execution happened via lethal injection. This event marks South Carolina's return to capital punishment. The state now offers lethal injection, fi…",https://economictimes.indiatimes.com/news/international/us/pentobarbital-injection-used-to-execute-stephen-stanko-who-killed-two-and-raped-his-girl-friends-daughter-in-south-carolina/articleshow/121845525.cms,"https://img.etimg.com/thumb/msid-121845611,width-1200,height-630,imgsize-28886,overlay-economictimes/articleshow.jpg",2025-06-14T08:20:40Z,"Stephen Christopher Stanko, 57, was executed by lethal injection of pentobarbital at South Carolinas Broad River Correctional Institution. Stanko was convicted of two separate murders committed in 20… [+3352 chars]"
"{'id': None, 'name': 'ETF Daily News'}",MarketBeat News,"Pallas Capital Advisors LLC Takes Position in Church & Dwight Co., Inc. (NYSE:CHD)","Pallas Capital Advisors LLC bought a new stake in Church & Dwight Co., Inc. (NYSE:CHD – Free Report) in the first quarter, according to its most recent disclosure with the Securities and Exchange Commission. The fund bought 2,526 shares of the company’s stock…",https://www.etfdailynews.com/2025/06/14/pallas-capital-advisors-llc-takes-position-in-church-dwight-co-inc-nysechd/,https://www.americanbankingnews.com/wp-content/timthumb/timthumb.php?src=https://www.marketbeat.com/logos/church--dwight-co-inc-logo-1200x675.png?v=20240104073448&w=240&h=240&zc=2,2025-06-14T08:18:50Z,"Pallas Capital Advisors LLC bought a new stake in Church &amp; Dwight Co., Inc. (NYSE:CHD – Free Report) in the first quarter, according to its most recent disclosure with the Securities and Exchange… [+6903 chars]"
"{'id': None, 'name': 'ETF Daily News'}",MarketBeat News,"Pallas Capital Advisors LLC Raises Stock Holdings in Hologic, Inc. (NASDAQ:HOLX)","Pallas Capital Advisors LLC lifted its holdings in shares of Hologic, Inc. (NASDAQ:HOLX – Free Report) by 39.4% in the first quarter, according to its most recent disclosure with the Securities and Exchange Commission. The fund owned 4,356 shares of the medic…",https://www.etfdailynews.com/2025/06/14/pallas-capital-advisors-llc-raises-stock-holdings-in-hologic-inc-nasdaqholx/,https://www.americanbankingnews.com/wp-content/timthumb/timthumb.php?src=https://www.marketbeat.com/logos/Hologic_Logo_RGB-1200x675.jpg&w=240&h=240&zc=2,2025-06-14T08:18:50Z,"Pallas Capital Advisors LLC lifted its holdings in shares of Hologic, Inc. (NASDAQ:HOLX – Free Report) by 39.4% in the first quarter, according to its most recent disclosure with the Securities and E… [+5914 chars]"
"{'id': None, 'name': 'ETF Daily News'}",MarketBeat News,"Park Avenue Securities LLC Grows Holdings in Sprouts Farmers Market, Inc. (NASDAQ:SFM)","Park Avenue Securities LLC grew its holdings in shares of Sprouts Farmers Market, Inc. (NASDAQ:SFM – Free Report) by 2.6% in the 1st quarter, HoldingsChannel.com reports. The institutional investor owned 4,749 shares of the company’s stock after acquiring an …",https://www.etfdailynews.com/2025/06/14/park-avenue-securities-llc-grows-holdings-in-sprouts-farmers-market-inc-nasdaqsfm/,https://www.americanbankingnews.com/wp-content/timthumb/timthumb.php?src=https://www.marketbeat.com/logos/sprouts-farmers-market-inc-logo-1200x675.png?v=20240325163305&w=240&h=240&zc=2,2025-06-14T08:14:53Z,"Park Avenue Securities LLC grew its holdings in shares of Sprouts Farmers Market, Inc. (NASDAQ:SFM – Free Report) by 2.6% in the 1st quarter, HoldingsChannel.com reports. The institutional investor o… [+6010 chars]"
"{'id': None, 'name': 'ETF Daily News'}",MarketBeat News,UMB Bank n.a. Grows Position in Hamilton Lane Incorporated (NASDAQ:HLNE),"UMB Bank n.a. raised its holdings in Hamilton Lane Incorporated (NASDAQ:HLNE – Free Report) by 270.3% during the 1st quarter, according to the company in its most recent filing with the Securities & Exchange Commission. The institutional investor owned 474 sh…",https://www.etfdailynews.com/2025/06/14/umb-bank-n-a-grows-position-in-hamilton-lane-incorporated-nasdaqhlne/,https://www.americanbankingnews.com/wp-content/timthumb/timthumb.php?src=https://www.marketbeat.com/logos/hamilton-lane-inc-logo-1200x675.png&w=240&h=240&zc=2,2025-06-14T08:13:02Z,"UMB Bank n.a. raised its holdings in Hamilton Lane Incorporated (NASDAQ:HLNE – Free Report) by 270.3% during the 1st quarter, according to the company in its most recent filing with the Securities &a… [+5174 chars]"
"{'id': None, 'name': 'ETF Daily News'}",MarketBeat News,"Merit Financial Group LLC Sells 17,799 Shares of Walgreens Boots Alliance, Inc. (NASDAQ:WBA)","Merit Financial Group LLC trimmed its position in shares of Walgreens Boots Alliance, Inc. (NASDAQ:WBA – Free Report) by 51.0% during the 1st quarter, Holdings Channel reports. The fund owned 17,128 shares of the pharmacy operator’s stock after selling 17,799…",https://www.etfdailynews.com/2025/06/14/merit-financial-group-llc-sells-17799-shares-of-walgreens-boots-alliance-inc-nasdaqwba/,https://www.americanbankingnews.com/wp-content/timthumb/timthumb.php?src=https://www.marketbeat.com/logos/walgreens-boots-alliance-inc-logo-1200x675.jpg?v=20221101151332&w=240&h=240&zc=2,2025-06-14T08:12:58Z,"Merit Financial Group LLC trimmed its position in shares of Walgreens Boots Alliance, Inc. (NASDAQ:WBA – Free Report) by 51.0% during the 1st quarter, Holdings Channel reports. The fund owned 17,128 … [+5573 chars]"
